id,user_id,page_title,title,slug,image,content,page_type,meta_title,meta_description,meta_keywords,canonical_url,meta_robots
1,1,Dissertation Masters,Dissertation Masters,home,assets/images/logo.webp,Dissertation Masters,page,Dissertation Masters,Dissertation Masters,Dissertation Masters,https://dissertationmasters.co.uk/,"index, follow"
2,1,Get A+ Worthy Assignments Here,About Us,about,assets/images/logo.webp,Get A+ Worthy Assignments Here,page,About Us,About Us,About Us,https://dissertationmasters.co.uk/,"index, follow"
3,1,Our Services,Our Services,services,assets/images/logo.webp,Our Services,page,Our Services,Our Services,Our Services,https://dissertationmasters.co.uk/,"index, follow"
4,1,All Samples,All Samples,samples,assets/images/logo.webp,All Samples,page,Our Samples,Our Samples,Our Samples,https://dissertationmasters.co.uk/,"index, follow"
5,1,How does it work?,How its Works,how-its-works,assets/images/logo.webp,How does it work?,page,How its Works,How its Works,How its Works,https://dissertationmasters.co.uk/,"index, follow"
6,1,Promo Code and Discounts,Discount,discount,assets/images/logo.webp,Promo Code and Discounts,page,Discount,Discount,Discount,https://dissertationmasters.co.uk/,"index, follow"
7,1,Frequently Asked Questions,Frequently Asked Questions,faqs,assets/images/logo.webp,Frequently Asked Questions,page,Frequently Asked Questions,Frequently Asked Questions,Frequently Asked Questions,https://dissertationmasters.co.uk/,"index, follow"
8,1,Our writers,Writers,writers,assets/images/logo.webp,Our writers,page,Writers,Writers,Writers,https://dissertationmasters.co.uk/,"index, follow"
9,1,Satisfy Customers Review,Satisfy Customers Review,reviews,assets/images/logo.webp,Satisfy Customers Review,page,Satisfy Customers Review,Satisfy Customers Review,Satisfy Customers Review,https://dissertationmasters.co.uk/,"index, follow"
10,1,Our Guarantees,Our Guarantees,guarantees,assets/images/logo.webp,Our Guarantees,page,Our Guarantees,Our Guarantees,Our Guarantees,https://dissertationmasters.co.uk/,"index, follow"
11,1,Contact Us,Contact Us,contact,assets/images/logo.webp,Contact Us,page,Contact Us,Contact Us,Contact Us,https://dissertationmasters.co.uk/,"index, follow"
12,1,Order Preview,Order Preview,order-preview,assets/images/logo.webp,Order Preview,page,Order Preview,Order Preview,Order Preview,https://dissertationmasters.co.uk/,"index, follow"
13,1,Order Now,Order Now,order-now,assets/images/logo.webp,Order Now,page,Order Now,Order Now,Order Now,https://dissertationmasters.co.uk/,"index, follow"
14,1,Our pricing,Our pricing,prices,assets/images/logo.webp,Our pricing,page,Our pricing,Our pricing,Our pricing,https://dissertationmasters.co.uk/,"index, follow"
15,1,Refund Policy,Refund Policy,refund-policy,assets/images/logo.webp,Refund Policy,page,Refund Policy,Refund Policy,Refund Policy,https://dissertationmasters.co.uk/,"index, follow"
16,1,Terms And Conditions,Terms And Conditions,terms-and-conditions,assets/images/logo.webp,Terms And Conditions,page,Terms And Conditions,Terms And Conditions,Terms And Conditions,https://dissertationmasters.co.uk/,"index, follow"
17,1,Fair Use Policy,Fair Use Policy,fair-use-policy,assets/images/logo.webp,Fair Use Policy,page,Fair Use Policy,Fair Use Policy,Fair Use Policy,https://dissertationmasters.co.uk/,"index, follow"
18,1,Money Back Guarantee,Money Back Guarantee,money-back-guarantee,assets/images/logo.webp,Money Back Guarantee,page,Money Back Guarantee,Money Back Guarantee,Money Back Guarantee,https://dissertationmasters.co.uk/,"index, follow"
19,1,Privacy Policy,Privacy Policy,privacy-policy,assets/images/logo.webp,Privacy Policy,page,Privacy Policy,Privacy Policy,Privacy Policy,https://dissertationmasters.co.uk/,"index, follow"
20,1,Cookie Policy,Cookie Policy,cookie-policy,assets/images/logo.webp,Cookie Policy,page,Cookie Policy,Cookie Policy,Cookie Policy,https://dissertationmasters.co.uk/,"index, follow"
21,1,Our Blog,Our Blog,blogs,assets/images/logo.webp,Our Blog,blog,Our Blog,Our Blog,Our Blog,https://dissertationmasters.co.uk/,"index, follow"
22,1,Dissertation Abstract,Dissertation Abstract,dissertation-abstract,assets/images/logo.webp,Dissertation Abstract,service,Dissertation Abstract,Dissertation Abstract,Dissertation Abstract,https://dissertationmasters.co.uk/,"index, follow"
23,1,Dissertation Editing,Dissertation Editing,dissertation-editing,assets/images/logo.webp,Dissertation Editing,service,Dissertation Editing,Dissertation Editing,Dissertation Editing,https://dissertationmasters.co.uk/,"index, follow"
24,1,Dissertation Proofreading,Dissertation Proofreading,dissertation-proofreading,assets/images/logo.webp,Dissertation Proofreading,service,Dissertation Proofreading,Dissertation Proofreading,Dissertation Proofreading,https://dissertationmasters.co.uk/,"index, follow"
25,1,Dissertation Proposal Writing,Dissertation Proposal Writing,dissertation-proposal-writing,assets/images/logo.webp,Dissertation Proposal Writing,service,Dissertation Proposal Writing,Dissertation Proposal Writing,Dissertation Proposal Writing,https://dissertationmasters.co.uk/,"index, follow"
26,1,Doctoral Dissertation,Doctoral Dissertation,doctoral-dissertation,assets/images/logo.webp,Doctoral Dissertation,service,Doctoral Dissertation,Doctoral Dissertation,Doctoral Dissertation,https://dissertationmasters.co.uk/,"index, follow"
27,1,LAW Dissertation,LAW Dissertation,law-dissertation,assets/images/logo.webp,LAW Dissertation,service,LAW Dissertation,LAW Dissertation,LAW Dissertation,https://dissertationmasters.co.uk/,"index, follow"
28,1,Literature Review,Literature Review,literature-review,assets/images/logo.webp,Literature Review,service,Literature Review,Literature Review,Literature Review,https://dissertationmasters.co.uk/,"index, follow"
29,1,write my Dissertation,write my Dissertation,write-my-dissertation,assets/images/logo.webp,write my Dissertation,service,write my Dissertation,write my Dissertation,write my Dissertation,https://dissertationmasters.co.uk/,"index, follow"
30,1,Accounting Assignment,Accounting Assignment,accounting-assignment,assets/images/logo.webp,Accounting Assignment,service,Accounting Assignment,Accounting Assignment,Accounting Assignment,https://dissertationmasters.co.uk/,"index, follow"
31,1,Business Assignment,Business Assignment,business-assignment,assets/images/logo.webp,Business Assignment,service,Business Assignment,Business Assignment,Business Assignment,https://dissertationmasters.co.uk/,"index, follow"
32,1,Programming Assignment,Programming Assignment,programming-assignment,assets/images/logo.webp,Programming Assignment,service,Programming Assignment,Programming Assignment,Programming Assignment,https://dissertationmasters.co.uk/,"index, follow"
33,1,Computer Science,Computer Science,computer-science,assets/images/logo.webp,Computer Science,service,Computer Science,Computer Science,Computer Science,https://dissertationmasters.co.uk/,"index, follow"
34,1,Economics Assignment,Economics Assignment,economics-assignment,assets/images/logo.webp,Economics Assignment,service,Economics Assignment,Economics Assignment,Economics Assignment,https://dissertationmasters.co.uk/,"index, follow"
35,1,Education Assignment,Education Assignment,education-assignment,assets/images/logo.webp,Education Assignment,service,Education Assignment,Education Assignment,Education Assignment,https://dissertationmasters.co.uk/,"index, follow"
36,1,Media & Communication,Media & Communication,media-communication,assets/images/logo.webp,Media & Communication,service,Media & Communication,Media & Communication,Media & Communication,https://dissertationmasters.co.uk/,"index, follow"
37,1,English Literature,English Literature,english-literature,assets/images/logo.webp,English Literature,service,English Literature,English Literature,English Literature,https://dissertationmasters.co.uk/,"index, follow"
38,1,Finance Assignment,Finance Assignment,finance-assignment,assets/images/logo.webp,Finance Assignment,service,Finance Assignment,Finance Assignment,Finance Assignment,https://dissertationmasters.co.uk/,"index, follow"
39,1,Geography Assignment,Geography Assignment,geography-assignment,assets/images/logo.webp,Geography Assignment,service,Geography Assignment,Geography Assignment,Geography Assignment,https://dissertationmasters.co.uk/,"index, follow"
40,1,History Assignment,History Assignment,history-assignment,assets/images/logo.webp,History Assignment,service,History Assignment,History Assignment,History Assignment,https://dissertationmasters.co.uk/,"index, follow"
41,1,Nursing Assignment,Nursing Assignment,nursing-assignment,assets/images/logo.webp,Nursing Assignment,service,Nursing Assignment,Nursing Assignment,Nursing Assignment,https://dissertationmasters.co.uk/,"index, follow"
42,1,Psychology Assignment,Psychology Assignment,psychology-assignment,assets/images/logo.webp,Psychology Assignment,service,Psychology Assignment,Psychology Assignment,Psychology Assignment,https://dissertationmasters.co.uk/,"index, follow"
43,1,IT Assignment,IT Assignment,it-assignment,assets/images/logo.webp,IT Assignment,service,IT Assignment,IT Assignment,IT Assignment,https://dissertationmasters.co.uk/,"index, follow"
44,1,Make My Assignment,Make My Assignment,make-my-assignment,assets/images/logo.webp,Make My Assignment,service,Make My Assignment,Make My Assignment,Make My Assignment,https://dissertationmasters.co.uk/,"index, follow"
45,1,Management Assignment,Management Assignment,management-assignment,assets/images/logo.webp,Management Assignment,service,Management Assignment,Management Assignment,Management Assignment,https://dissertationmasters.co.uk/,"index, follow"
46,1,Master Dissertation,Master Dissertation,master-dissertation,assets/images/logo.webp,Master Dissertation,service,Master Dissertation,Master Dissertation,Master Dissertation,https://dissertationmasters.co.uk/,"index, follow"
47,1,MBA Dissertation,MBA Dissertation,mba-dissertation,assets/images/logo.webp,MBA Dissertation,service,MBA Dissertation,MBA Dissertation,MBA Dissertation,https://dissertationmasters.co.uk/,"index, follow"
48,1,MSC Dissertation,MSC Dissertation,msc-dissertation,assets/images/logo.webp,MSC Dissertation,service,MSC Dissertation,MSC Dissertation,MSC Dissertation,https://dissertationmasters.co.uk/,"index, follow"
49,1,Nursing Dissertation,Nursing Dissertation,nursing-dissertation,assets/images/logo.webp,Nursing Dissertation,service,Nursing Dissertation,Nursing Dissertation,Nursing Dissertation,https://dissertationmasters.co.uk/,"index, follow"
50,1,PhD Dissertations,PhD Dissertations,phd-dissertations,assets/images/logo.webp,PhD Dissertations,service,PhD Dissertations,PhD Dissertations,PhD Dissertations,https://dissertationmasters.co.uk/,"index, follow"
51,1,PhD Thesis,PhD Thesis,phd-thesis,assets/images/logo.webp,PhD Thesis,service,PhD Thesis,PhD Thesis,PhD Thesis,https://dissertationmasters.co.uk/,"index, follow"
52,1,Psychology Dissertation,Psychology Dissertation,psychology-dissertation,assets/images/logo.webp,Psychology Dissertation,service,Psychology Dissertation,Psychology Dissertation,Psychology Dissertation,https://dissertationmasters.co.uk/,"index, follow"
